[
  {
    "id": "30927c55-3ec5-4274-988c-85bb0a4bdb1d",
    "data": [
      {
        "text": "inget mer",
        "userDefined": false
      }
    ],
    "isTemplate": false,
    "count": 0
  },
  {
    "id": "56fbdf83-f229-4128-bfd2-639fea055c03",
    "data": [
      {
        "text": "inget mer tack",
        "userDefined": false
      }
    ],
    "isTemplate": false,
    "count": 0
  },
  {
    "id": "262f53e0-8d39-45ae-9a86-22582820be19",
    "data": [
      {
        "text": "det var allt",
        "userDefined": false
      }
    ],
    "isTemplate": false,
    "count": 0
  },
  {
    "id": "b5c112cf-54be-418a-bd8f-982fa4c3af29",
    "data": [
      {
        "text": "nej tack",
        "userDefined": false
      }
    ],
    "isTemplate": false,
    "count": 0
  },
  {
    "id": "ff7b057f-bae4-4422-89e2-d3458307db30",
    "data": [
      {
        "text": "avsluta",
        "userDefined": false
      }
    ],
    "isTemplate": false,
    "count": 0
  },
  {
    "id": "88816b9c-32c2-4a5d-af8b-1a76da6252d6",
    "data": [
      {
        "text": "avsluta appen",
        "userDefined": false
      }
    ],
    "isTemplate": false,
    "count": 0
  },
  {
    "id": "8936f51b-e033-4696-a0d9-5adca3902ea7",
    "data": [
      {
        "text": "avbryt",
        "userDefined": false
      }
    ],
    "isTemplate": false,
    "count": 0
  },
  {
    "id": "fd799a7c-5e9b-4826-b8f3-7c86764916a5",
    "data": [
      {
        "text": "nej",
        "userDefined": false
      }
    ],
    "isTemplate": false,
    "count": 0
  }
]