[
  {
    "id": "dbbdb8f5-9201-41e6-bc43-60ef97e8cf42",
    "data": [
      {
        "text": "Evan",
        "alias": "first-name",
        "meta": "@first-name",
        "userDefined": false
      },
      {
        "text": " ",
        "userDefined": false
      },
      {
        "text": "Saboo",
        "alias": "last-name",
        "meta": "@last-name",
        "userDefined": false
      }
    ],
    "isTemplate": false,
    "count": 0
  },
  {
    "id": "49b9da5d-9085-47a6-b284-faa94e509c13",
    "data": [
      {
        "text": "Johan",
        "alias": "first-name",
        "meta": "@first-name",
        "userDefined": false
      }
    ],
    "isTemplate": false,
    "count": 0
  },
  {
    "id": "03a4ac49-3601-4ea5-a666-292d5b59e643",
    "data": [
      {
        "text": "Jag söker ",
        "userDefined": false
      },
      {
        "text": "Johan",
        "alias": "first-name",
        "meta": "@first-name",
        "userDefined": false
      },
      {
        "text": " ",
        "userDefined": false
      },
      {
        "text": "Andersson",
        "alias": "last-name",
        "meta": "@last-name",
        "userDefined": false
      }
    ],
    "isTemplate": false,
    "count": 0
  },
  {
    "id": "55021854-d990-4259-ac26-1690f232ea53",
    "data": [
      {
        "text": "Jag vill hitta ",
        "userDefined": false
      },
      {
        "text": "Evan",
        "alias": "first-name",
        "meta": "@first-name",
        "userDefined": false
      },
      {
        "text": " ",
        "userDefined": false
      },
      {
        "text": "Saboo",
        "alias": "last-name",
        "meta": "@last-name",
        "userDefined": false
      }
    ],
    "isTemplate": false,
    "count": 0
  }
]