[
  {
    "id": "683c9542-2ddb-44e9-b7d7-781837de426a",
    "data": [
      {
        "text": "Evan",
        "alias": "first-name",
        "meta": "@first-name",
        "userDefined": false
      }
    ],
    "isTemplate": false,
    "count": 0
  },
  {
    "id": "01674281-18e1-42b0-b310-abee77f974ee",
    "data": [
      {
        "text": "Johan",
        "alias": "first-name",
        "meta": "@first-name",
        "userDefined": false
      },
      {
        "text": " ",
        "userDefined": false
      },
      {
        "text": "Andersson",
        "alias": "last-name",
        "meta": "@last-name",
        "userDefined": false
      }
    ],
    "isTemplate": false,
    "count": 0
  },
  {
    "id": "f1ef1463-3584-4b91-a5b2-c8bbb3a6564c",
    "data": [
      {
        "text": "Jag vill hitta ",
        "userDefined": false
      },
      {
        "text": "Johan",
        "alias": "first-name",
        "meta": "@first-name",
        "userDefined": false
      },
      {
        "text": " ",
        "userDefined": false
      },
      {
        "text": "Andersson",
        "alias": "last-name",
        "meta": "@last-name",
        "userDefined": false
      }
    ],
    "isTemplate": false,
    "count": 0
  },
  {
    "id": "9dfbc2fc-442e-4256-af73-ab849349aea6",
    "data": [
      {
        "text": "Jag söker ",
        "userDefined": false
      },
      {
        "text": "Evan",
        "alias": "first-name",
        "meta": "@first-name",
        "userDefined": false
      },
      {
        "text": " ",
        "userDefined": false
      },
      {
        "text": "Saboo",
        "alias": "last-name",
        "meta": "@last-name",
        "userDefined": false
      }
    ],
    "isTemplate": false,
    "count": 0
  }
]