[
  {
    "id": "b2adb51f-b0f5-40cf-b585-84f92cc3f21b",
    "data": [
      {
        "text": "Vad gör",
        "alias": "Request-entity",
        "meta": "@Request-entity",
        "userDefined": false
      },
      {
        "text": " applikationen",
        "userDefined": false
      }
    ],
    "isTemplate": false,
    "count": 0
  },
  {
    "id": "992ffebd-3566-4cee-9f80-7f419dec9546",
    "data": [
      {
        "text": "Vad gör",
        "alias": "Request-entity",
        "meta": "@Request-entity",
        "userDefined": false
      },
      {
        "text": " appen",
        "userDefined": false
      }
    ],
    "isTemplate": false,
    "count": 0
  },
  {
    "id": "1ecc8be6-f017-4a64-8a80-0f4ddcd9e139",
    "data": [
      {
        "text": "vad gör",
        "alias": "Request-entity",
        "meta": "@Request-entity",
        "userDefined": false
      },
      {
        "text": " du",
        "userDefined": false
      }
    ],
    "isTemplate": false,
    "count": 0
  },
  {
    "id": "e54da238-afb0-4dd2-9d57-d03197f7a6b7",
    "data": [
      {
        "text": "hjälp",
        "userDefined": false
      }
    ],
    "isTemplate": false,
    "count": 0
  }
]