[
  {
    "id": "114e992f-97d2-47b8-a148-ad860913505f",
    "data": [
      {
        "text": "Sök",
        "meta": "@sys.ignore",
        "userDefined": false
      },
      {
        "text": " efter ",
        "userDefined": false
      },
      {
        "text": "Anders",
        "alias": "first-name",
        "meta": "@first-name",
        "userDefined": false
      }
    ],
    "isTemplate": false,
    "count": 0
  },
  {
    "id": "5bf35742-841b-4d6e-8e58-b56d30d6789c",
    "data": [
      {
        "text": "Jag söker efter ",
        "userDefined": false
      },
      {
        "text": "Evan",
        "alias": "first-name",
        "meta": "@first-name",
        "userDefined": false
      }
    ],
    "isTemplate": false,
    "count": 0
  },
  {
    "id": "9cdb6f1c-f63e-4a42-a9eb-92a8a7d1149a",
    "data": [
      {
        "text": "Jag vill hitta ",
        "userDefined": false
      },
      {
        "text": "Evan",
        "alias": "first-name",
        "meta": "@first-name",
        "userDefined": false
      }
    ],
    "isTemplate": false,
    "count": 0
  },
  {
    "id": "5064d97d-5beb-4ce6-8cc9-b84465075dd7",
    "data": [
      {
        "text": "Jag vill hitta",
        "alias": "request-entity",
        "meta": "@Request-entity",
        "userDefined": true
      },
      {
        "text": " ",
        "userDefined": false
      },
      {
        "text": "Johan",
        "alias": "first-name",
        "meta": "@first-name",
        "userDefined": false
      },
      {
        "text": " ",
        "userDefined": false
      },
      {
        "text": "Andersson",
        "alias": "last-name",
        "meta": "@last-name",
        "userDefined": false
      }
    ],
    "isTemplate": false,
    "count": 0
  },
  {
    "id": "716491ce-cc5e-415e-9d3f-a42827ca3cbf",
    "data": [
      {
        "text": "Jag söker ",
        "userDefined": false
      },
      {
        "text": "Evan",
        "alias": "first-name",
        "meta": "@first-name",
        "userDefined": false
      },
      {
        "text": " ",
        "userDefined": false
      },
      {
        "text": "Saboo",
        "alias": "last-name",
        "meta": "@last-name",
        "userDefined": false
      }
    ],
    "isTemplate": false,
    "count": 0
  },
  {
    "id": "925423bc-44cd-4748-a165-64d78ff71ab7",
    "data": [
      {
        "text": "Jag söker ",
        "userDefined": false
      },
      {
        "text": "Johan",
        "alias": "first-name",
        "meta": "@first-name",
        "userDefined": false
      },
      {
        "text": " ",
        "userDefined": false
      },
      {
        "text": "Andersson",
        "alias": "last-name",
        "meta": "@last-name",
        "userDefined": false
      }
    ],
    "isTemplate": false,
    "count": 0
  }
]